{
  "timestamp": "2025-07-07T15:48:18.230Z",
  "results": [
    {
      "config": {
        "nodes": 1000,
        "edges": 2000,
        "name": "Small"
      },
      "dataGenTime": 1.1177920000000086,
      "layoutTime": 0.8692499999999939,
      "renderingTime": 2.0098339999999837,
      "memoryUsageMB": 0.4,
      "estimatedFPS": 14926.6058788936,
      "interactionLatency": 0.017583999999999378,
      "success": true,
      "recommendations": []
    },
    {
      "config": {
        "nodes": 5000,
        "edges": 10000,
        "name": "Medium"
      },
      "dataGenTime": 2.6837500000000034,
      "layoutTime": 0.28050000000001774,
      "renderingTime": 3.540791000000013,
      "memoryUsageMB": 2,
      "estimatedFPS": 8472.683081266274,
      "interactionLatency": 0.013791000000026088,
      "success": true,
      "recommendations": []
    },
    {
      "config": {
        "nodes": 10000,
        "edges": 20000,
        "name": "Large"
      },
      "dataGenTime": 2.920209,
      "layoutTime": 1.0850410000000181,
      "renderingTime": 6.615375,
      "memoryUsageMB": 4,
      "estimatedFPS": 4534.89031234057,
      "interactionLatency": 0.009042000000022199,
      "success": true,
      "recommendations": []
    },
    {
      "config": {
        "nodes": 15000,
        "edges": 30000,
        "name": "XLarge"
      },
      "dataGenTime": 4.048958000000027,
      "layoutTime": 0.7226249999999936,
      "renderingTime": 18.287125000000003,
      "memoryUsageMB": 6,
      "estimatedFPS": 1640.4984381087786,
      "interactionLatency": 0.007749999999987267,
      "success": true,
      "recommendations": [
        "Large dataset detected. Implement progressive loading"
      ]
    }
  ],
  "summary": {
    "maxViableNodes": 15000,
    "totalTests": 4,
    "successfulTests": 4
  }
}